file,encoder,threads,seconds,bytes,audio_bytes,raw_bytes
degen-altmax,vinyl -j1,1,0.057651459,65723,65681,1000000
degen-altmax,vinyl -j2,2,0.032614458,65723,65681,1000000
degen-altmax,vinyl -j4,4,0.01859625,65723,65681,1000000
degen-altmax,vinyl -j8,8,0.014044666,65723,65681,1000000
degen-altmax,vinyl decode -j1,1,0.015318167,65723,65681,1000000
degen-altmax,vinyl decode -j2,2,0.010137542,65723,65681,1000000
degen-altmax,vinyl decode -j4,4,0.007579,65723,65681,1000000
degen-altmax,vinyl decode -j8,8,0.006814042,65723,65681,1000000
degen-altmax,flac decode -j1,1,0.009153,65723,65681,1000000
degen-altmax,flac -0 -j1,1,0.008779417,1012545,1004223,1000000
degen-altmax,flac -5 -j1,1,0.008181417,73807,65485,1000000
degen-altmax,flac -8 -j1,1,0.012200709,73559,65237,1000000
degen-altmax,flac -8 -j2,2,0.008147291,73559,65237,1000000
degen-altmax,flac -8 -j4,4,0.005908542,73559,65237,1000000
degen-altmax,flac -8 -j8,8,0.005591208,73559,65237,1000000
degen-dc,vinyl -j1,1,0.014708625,1641,1599,1000000
degen-dc,vinyl -j2,2,0.009566333,1641,1599,1000000
degen-dc,vinyl -j4,4,0.006864625,1641,1599,1000000
degen-dc,vinyl -j8,8,0.006543792,1641,1599,1000000
degen-dc,vinyl decode -j1,1,0.007714167,1641,1599,1000000
degen-dc,vinyl decode -j2,2,0.007671916,1641,1599,1000000
degen-dc,vinyl decode -j4,4,0.007693709,1641,1599,1000000
degen-dc,vinyl decode -j8,8,0.007767958,1641,1599,1000000
degen-dc,flac decode -j1,1,0.005819833,1641,1599,1000000
degen-dc,flac -0 -j1,1,0.006973542,13415,5093,1000000
degen-dc,flac -5 -j1,1,0.006918584,9677,1355,1000000
degen-dc,flac -8 -j1,1,0.006984084,9677,1355,1000000
degen-dc,flac -8 -j2,2,0.005332667,9677,1355,1000000
degen-dc,flac -8 -j4,4,0.005307625,9677,1355,1000000
degen-dc,flac -8 -j8,8,0.005434667,9677,1355,1000000
degen-silence,vinyl -j1,1,0.01295025,1641,1599,1000000
degen-silence,vinyl -j2,2,0.008520334,1641,1599,1000000
degen-silence,vinyl -j4,4,0.0065265,1641,1599,1000000
degen-silence,vinyl -j8,8,0.006582583,1641,1599,1000000
degen-silence,vinyl decode -j1,1,0.007847958,1641,1599,1000000
degen-silence,vinyl decode -j2,2,0.007897042,1641,1599,1000000
degen-silence,vinyl decode -j4,4,0.007893333,1641,1599,1000000
degen-silence,vinyl decode -j8,8,0.007797583,1641,1599,1000000
degen-silence,flac decode -j1,1,0.005965209,1641,1599,1000000
degen-silence,flac -0 -j1,1,0.006961166,13415,5093,1000000
degen-silence,flac -5 -j1,1,0.006769916,9677,1355,1000000
degen-silence,flac -8 -j1,1,0.006815291,9677,1355,1000000
degen-silence,flac -8 -j2,2,0.0053855,9677,1355,1000000
degen-silence,flac -8 -j4,4,0.005332583,9677,1355,1000000
degen-silence,flac -8 -j8,8,0.005554875,9677,1355,1000000
degen-wasted3,vinyl -j1,1,0.069455792,814018,813976,1000000
degen-wasted3,vinyl -j2,2,0.038272,814018,813976,1000000
degen-wasted3,vinyl -j4,4,0.0218475,814018,813976,1000000
degen-wasted3,vinyl -j8,8,0.015828167,814018,813976,1000000
degen-wasted3,vinyl decode -j1,1,0.021817958,814018,813976,1000000
degen-wasted3,vinyl decode -j2,2,0.014378,814018,813976,1000000
degen-wasted3,vinyl decode -j4,4,0.010238,814018,813976,1000000
degen-wasted3,vinyl decode -j8,8,0.009062833,814018,813976,1000000
degen-wasted3,flac decode -j1,1,0.008430166,814018,813976,1000000
degen-wasted3,flac -0 -j1,1,0.009161459,825480,817158,1000000
degen-wasted3,flac -5 -j1,1,0.010278208,822054,813732,1000000
degen-wasted3,flac -8 -j1,1,0.014227125,822054,813732,1000000
degen-wasted3,flac -8 -j2,2,0.009179917,822054,813732,1000000
degen-wasted3,flac -8 -j4,4,0.006675458,822054,813732,1000000
degen-wasted3,flac -8 -j8,8,0.006241666,822054,813732,1000000
mixed-music-clean,vinyl -j1,1,0.059613667,534069,534027,1000000
mixed-music-clean,vinyl -j2,2,0.033174542,534069,534027,1000000
mixed-music-clean,vinyl -j4,4,0.0191105,534069,534027,1000000
mixed-music-clean,vinyl -j8,8,0.014229917,534069,534027,1000000
mixed-music-clean,vinyl decode -j1,1,0.028062458,534069,534027,1000000
mixed-music-clean,vinyl decode -j2,2,0.0174365,534069,534027,1000000
mixed-music-clean,vinyl decode -j4,4,0.011483709,534069,534027,1000000
mixed-music-clean,vinyl decode -j8,8,0.009752291,534069,534027,1000000
mixed-music-clean,flac decode -j1,1,0.008808583,534069,534027,1000000
mixed-music-clean,flac -0 -j1,1,0.008544542,574903,566581,1000000
mixed-music-clean,flac -5 -j1,1,0.009542583,535534,527212,1000000
mixed-music-clean,flac -8 -j1,1,0.014337083,530415,522093,1000000
mixed-music-clean,flac -8 -j2,2,0.009461333,530415,522093,1000000
mixed-music-clean,flac -8 -j4,4,0.006830458,530415,522093,1000000
mixed-music-clean,flac -8 -j8,8,0.006337417,530415,522093,1000000
mixed-music-dirty,vinyl -j1,1,0.063105667,890515,890473,1000000
mixed-music-dirty,vinyl -j2,2,0.035296875,890515,890473,1000000
mixed-music-dirty,vinyl -j4,4,0.020228708,890515,890473,1000000
mixed-music-dirty,vinyl -j8,8,0.014531709,890515,890473,1000000
mixed-music-dirty,vinyl decode -j1,1,0.025724917,890515,890473,1000000
mixed-music-dirty,vinyl decode -j2,2,0.0165965,890515,890473,1000000
mixed-music-dirty,vinyl decode -j4,4,0.011252208,890515,890473,1000000
mixed-music-dirty,vinyl decode -j8,8,0.009908042,890515,890473,1000000
mixed-music-dirty,flac decode -j1,1,0.008375458,890515,890473,1000000
mixed-music-dirty,flac -0 -j1,1,0.008800125,887686,879364,1000000
mixed-music-dirty,flac -5 -j1,1,0.009798166,871651,863329,1000000
mixed-music-dirty,flac -8 -j1,1,0.014245,871614,863292,1000000
mixed-music-dirty,flac -8 -j2,2,0.009157917,871614,863292,1000000
mixed-music-dirty,flac -8 -j4,4,0.006728542,871614,863292,1000000
mixed-music-dirty,flac -8 -j8,8,0.006259166,871614,863292,1000000
mixed-music-mid,vinyl -j1,1,0.062077833,748337,748295,1000000
mixed-music-mid,vinyl -j2,2,0.034529042,748337,748295,1000000
mixed-music-mid,vinyl -j4,4,0.020017167,748337,748295,1000000
mixed-music-mid,vinyl -j8,8,0.014798208,748337,748295,1000000
mixed-music-mid,vinyl decode -j1,1,0.027011792,748337,748295,1000000
mixed-music-mid,vinyl decode -j2,2,0.017021583,748337,748295,1000000
mixed-music-mid,vinyl decode -j4,4,0.011332916,748337,748295,1000000
mixed-music-mid,vinyl decode -j8,8,0.00997525,748337,748295,1000000
mixed-music-mid,flac decode -j1,1,0.008545958,748337,748295,1000000
mixed-music-mid,flac -0 -j1,1,0.008618959,750637,742315,1000000
mixed-music-mid,flac -5 -j1,1,0.009727209,736147,727825,1000000
mixed-music-mid,flac -8 -j1,1,0.01430925,735427,727105,1000000
mixed-music-mid,flac -8 -j2,2,0.00939625,735427,727105,1000000
mixed-music-mid,flac -8 -j4,4,0.0066935,735427,727105,1000000
mixed-music-mid,flac -8 -j8,8,0.006313459,735427,727105,1000000
mixed-speech-fast,vinyl -j1,1,0.059797667,713671,713629,1000000
mixed-speech-fast,vinyl -j2,2,0.033306167,713671,713629,1000000
mixed-speech-fast,vinyl -j4,4,0.019223458,713671,713629,1000000
mixed-speech-fast,vinyl -j8,8,0.013971708,713671,713629,1000000
mixed-speech-fast,vinyl decode -j1,1,0.01977675,713671,713629,1000000
mixed-speech-fast,vinyl decode -j2,2,0.013048291,713671,713629,1000000
mixed-speech-fast,vinyl decode -j4,4,0.009401583,713671,713629,1000000
mixed-speech-fast,vinyl decode -j8,8,0.00881125,713671,713629,1000000
mixed-speech-fast,flac decode -j1,1,0.007485167,713671,713629,1000000
mixed-speech-fast,flac -0 -j1,1,0.00848775,708923,700601,1000000
mixed-speech-fast,flac -5 -j1,1,0.00967275,705466,697144,1000000
mixed-speech-fast,flac -8 -j1,1,0.013820625,703330,695008,1000000
mixed-speech-fast,flac -8 -j2,2,0.009027834,703330,695008,1000000
mixed-speech-fast,flac -8 -j4,4,0.006555083,703330,695008,1000000
mixed-speech-fast,flac -8 -j8,8,0.006230875,703330,695008,1000000
mixed-speech-slow,vinyl -j1,1,0.059549416,712037,711995,1000000
mixed-speech-slow,vinyl -j2,2,0.033500959,712037,711995,1000000
mixed-speech-slow,vinyl -j4,4,0.019301334,712037,711995,1000000
mixed-speech-slow,vinyl -j8,8,0.014204541,712037,711995,1000000
mixed-speech-slow,vinyl decode -j1,1,0.019865125,712037,711995,1000000
mixed-speech-slow,vinyl decode -j2,2,0.013051542,712037,711995,1000000
mixed-speech-slow,vinyl decode -j4,4,0.009414084,712037,711995,1000000
mixed-speech-slow,vinyl decode -j8,8,0.008747541,712037,711995,1000000
mixed-speech-slow,flac decode -j1,1,0.007490666,712037,711995,1000000
mixed-speech-slow,flac -0 -j1,1,0.008631459,706476,698154,1000000
mixed-speech-slow,flac -5 -j1,1,0.009657458,703377,695055,1000000
mixed-speech-slow,flac -8 -j1,1,0.01381975,701834,693512,1000000
mixed-speech-slow,flac -8 -j2,2,0.008918417,701834,693512,1000000
mixed-speech-slow,flac -8 -j4,4,0.006530667,701834,693512,1000000
mixed-speech-slow,flac -8 -j8,8,0.006092292,701834,693512,1000000
noise-brown-rough,vinyl -j1,1,0.056524041,649084,649042,1000000
noise-brown-rough,vinyl -j2,2,0.03176525,649084,649042,1000000
noise-brown-rough,vinyl -j4,4,0.018115791,649084,649042,1000000
noise-brown-rough,vinyl -j8,8,0.013473958,649084,649042,1000000
noise-brown-rough,vinyl decode -j1,1,0.020402833,649084,649042,1000000
noise-brown-rough,vinyl decode -j2,2,0.013339084,649084,649042,1000000
noise-brown-rough,vinyl decode -j4,4,0.009641584,649084,649042,1000000
noise-brown-rough,vinyl decode -j8,8,0.008339333,649084,649042,1000000
noise-brown-rough,flac decode -j1,1,0.007423458,649084,649042,1000000
noise-brown-rough,flac -0 -j1,1,0.008492042,643362,635040,1000000
noise-brown-rough,flac -5 -j1,1,0.009505333,639492,631170,1000000
noise-brown-rough,flac -8 -j1,1,0.013542125,639492,631170,1000000
noise-brown-rough,flac -8 -j2,2,0.008914875,639492,631170,1000000
noise-brown-rough,flac -8 -j4,4,0.00643575,639492,631170,1000000
noise-brown-rough,flac -8 -j8,8,0.006074209,639492,631170,1000000
noise-brown-smooth,vinyl -j1,1,0.054565709,468755,468713,1000000
noise-brown-smooth,vinyl -j2,2,0.030579375,468755,468713,1000000
noise-brown-smooth,vinyl -j4,4,0.017600333,468755,468713,1000000
noise-brown-smooth,vinyl -j8,8,0.012995792,468755,468713,1000000
noise-brown-smooth,vinyl decode -j1,1,0.020163333,468755,468713,1000000
noise-brown-smooth,vinyl decode -j2,2,0.013031417,468755,468713,1000000
noise-brown-smooth,vinyl decode -j4,4,0.00931025,468755,468713,1000000
noise-brown-smooth,vinyl decode -j8,8,0.008190666,468755,468713,1000000
noise-brown-smooth,flac decode -j1,1,0.007240083,468755,468713,1000000
noise-brown-smooth,flac -0 -j1,1,0.008273917,477173,468851,1000000
noise-brown-smooth,flac -5 -j1,1,0.00942225,473191,464869,1000000
noise-brown-smooth,flac -8 -j1,1,0.013528167,473191,464869,1000000
noise-brown-smooth,flac -8 -j2,2,0.008891125,473191,464869,1000000
noise-brown-smooth,flac -8 -j4,4,0.006414208,473191,464869,1000000
noise-brown-smooth,flac -8 -j8,8,0.006007792,473191,464869,1000000
noise-white-20000,vinyl -j1,1,0.058662917,1001395,1001353,1000000
noise-white-20000,vinyl -j2,2,0.033149541,1001395,1001353,1000000
noise-white-20000,vinyl -j4,4,0.018875041,1001395,1001353,1000000
noise-white-20000,vinyl -j8,8,0.014041958,1001395,1001353,1000000
noise-white-20000,vinyl decode -j1,1,0.020848,1001395,1001353,1000000
noise-white-20000,vinyl decode -j2,2,0.013935791,1001395,1001353,1000000
noise-white-20000,vinyl decode -j4,4,0.010181292,1001395,1001353,1000000
noise-white-20000,vinyl decode -j8,8,0.009266833,1001395,1001353,1000000
noise-white-20000,flac decode -j1,1,0.008021166,1001395,1001353,1000000
noise-white-20000,flac -0 -j1,1,0.008765542,998946,990624,1000000
noise-white-20000,flac -5 -j1,1,0.009970167,995315,986993,1000000
noise-white-20000,flac -8 -j1,1,0.01376025,995315,986993,1000000
noise-white-20000,flac -8 -j2,2,0.00908825,995315,986993,1000000
noise-white-20000,flac -8 -j4,4,0.006528541,995315,986993,1000000
noise-white-20000,flac -8 -j8,8,0.006231917,995315,986993,1000000
noise-white-32000,vinyl -j1,1,0.058166083,1001395,1001353,1000000
noise-white-32000,vinyl -j2,2,0.032852125,1001395,1001353,1000000
noise-white-32000,vinyl -j4,4,0.018662375,1001395,1001353,1000000
noise-white-32000,vinyl -j8,8,0.013609667,1001395,1001353,1000000
noise-white-32000,vinyl decode -j1,1,0.020606708,1001395,1001353,1000000
noise-white-32000,vinyl decode -j2,2,0.013818333,1001395,1001353,1000000
noise-white-32000,vinyl decode -j4,4,0.01006925,1001395,1001353,1000000
noise-white-32000,vinyl decode -j8,8,0.008882084,1001395,1001353,1000000
noise-white-32000,flac decode -j1,1,0.007982375,1001395,1001353,1000000
noise-white-32000,flac -0 -j1,1,0.008923291,1012545,1004223,1000000
noise-white-32000,flac -5 -j1,1,0.009832625,1009431,1001109,1000000
noise-white-32000,flac -8 -j1,1,0.013773917,1009431,1001109,1000000
noise-white-32000,flac -8 -j2,2,0.009249042,1009431,1001109,1000000
noise-white-32000,flac -8 -j4,4,0.006588792,1009431,1001109,1000000
noise-white-32000,flac -8 -j8,8,0.006007333,1009431,1001109,1000000
noise-white-500,vinyl -j1,1,0.058022125,657154,657112,1000000
noise-white-500,vinyl -j2,2,0.032498083,657154,657112,1000000
noise-white-500,vinyl -j4,4,0.018431791,657154,657112,1000000
noise-white-500,vinyl -j8,8,0.013434375,657154,657112,1000000
noise-white-500,vinyl decode -j1,1,0.01944575,657154,657112,1000000
noise-white-500,vinyl decode -j2,2,0.012755375,657154,657112,1000000
noise-white-500,vinyl decode -j4,4,0.00918875,657154,657112,1000000
noise-white-500,vinyl decode -j8,8,0.0082475,657154,657112,1000000
noise-white-500,flac decode -j1,1,0.007183666,657154,657112,1000000
noise-white-500,flac -0 -j1,1,0.008229042,667194,658872,1000000
noise-white-500,flac -5 -j1,1,0.009226042,663693,655371,1000000
noise-white-500,flac -8 -j1,1,0.013219208,663693,655371,1000000
noise-white-500,flac -8 -j2,2,0.008673792,663693,655371,1000000
noise-white-500,flac -8 -j4,4,0.006235584,663693,655371,1000000
noise-white-500,flac -8 -j8,8,0.006005,663693,655371,1000000
noise-white-5000,vinyl -j1,1,0.059582125,887868,887826,1000000
noise-white-5000,vinyl -j2,2,0.033327292,887868,887826,1000000
noise-white-5000,vinyl -j4,4,0.019083834,887868,887826,1000000
noise-white-5000,vinyl -j8,8,0.01382375,887868,887826,1000000
noise-white-5000,vinyl decode -j1,1,0.018858875,887868,887826,1000000
noise-white-5000,vinyl decode -j2,2,0.0126945,887868,887826,1000000
noise-white-5000,vinyl decode -j4,4,0.009178125,887868,887826,1000000
noise-white-5000,vinyl decode -j8,8,0.008346291,887868,887826,1000000
noise-white-5000,flac decode -j1,1,0.007223458,887868,887826,1000000
noise-white-5000,flac -0 -j1,1,0.008520459,873898,865576,1000000
noise-white-5000,flac -5 -j1,1,0.009447459,870248,861926,1000000
noise-white-5000,flac -8 -j1,1,0.013342208,870248,861926,1000000
noise-white-5000,flac -8 -j2,2,0.00882,870248,861926,1000000
noise-white-5000,flac -8 -j4,4,0.00634775,870248,861926,1000000
noise-white-5000,flac -8 -j8,8,0.00602575,870248,861926,1000000
stereo-corr,vinyl -j1,1,0.106862917,319495,319453,2000000
stereo-corr,vinyl -j2,2,0.057724709,319495,319453,2000000
stereo-corr,vinyl -j4,4,0.031728417,319495,319453,2000000
stereo-corr,vinyl -j8,8,0.022670292,319495,319453,2000000
stereo-corr,vinyl decode -j1,1,0.042203708,319495,319453,2000000
stereo-corr,vinyl decode -j2,2,0.024551959,319495,319453,2000000
stereo-corr,vinyl decode -j4,4,0.015142833,319495,319453,2000000
stereo-corr,vinyl decode -j8,8,0.012571166,319495,319453,2000000
stereo-corr,flac decode -j1,1,0.013106959,319495,319453,2000000
stereo-corr,flac -0 -j1,1,0.012310916,365291,356969,2000000
stereo-corr,flac -5 -j1,1,0.019342,333714,325392,2000000
stereo-corr,flac -8 -j1,1,0.035150542,333732,325410,2000000
stereo-corr,flac -8 -j2,2,0.020509583,333732,325410,2000000
stereo-corr,flac -8 -j4,4,0.012405292,333732,325410,2000000
stereo-corr,flac -8 -j8,8,0.010404292,333732,325410,2000000
stereo-mono2,vinyl -j1,1,0.064020083,165462,165420,2000000
stereo-mono2,vinyl -j2,2,0.035768417,165462,165420,2000000
stereo-mono2,vinyl -j4,4,0.020240083,165462,165420,2000000
stereo-mono2,vinyl -j8,8,0.015098625,165462,165420,2000000
stereo-mono2,vinyl decode -j1,1,0.025495209,165462,165420,2000000
stereo-mono2,vinyl decode -j2,2,0.015623958,165462,165420,2000000
stereo-mono2,vinyl decode -j4,4,0.010572667,165462,165420,2000000
stereo-mono2,vinyl decode -j8,8,0.008894,165462,165420,2000000
stereo-mono2,flac decode -j1,1,0.010959792,165462,165420,2000000
stereo-mono2,flac -0 -j1,1,0.012335916,357410,349088,2000000
stereo-mono2,flac -5 -j1,1,0.017200791,154443,146121,2000000
stereo-mono2,flac -8 -j1,1,0.0288665,154443,146121,2000000
stereo-mono2,flac -8 -j2,2,0.017156666,154443,146121,2000000
stereo-mono2,flac -8 -j4,4,0.010573917,154443,146121,2000000
stereo-mono2,flac -8 -j8,8,0.008906166,154443,146121,2000000
stereo-panned,vinyl -j1,1,0.104669291,317606,317564,2000000
stereo-panned,vinyl -j2,2,0.056667916,317606,317564,2000000
stereo-panned,vinyl -j4,4,0.031295334,317606,317564,2000000
stereo-panned,vinyl -j8,8,0.022375542,317606,317564,2000000
stereo-panned,vinyl decode -j1,1,0.04048475,317606,317564,2000000
stereo-panned,vinyl decode -j2,2,0.023990458,317606,317564,2000000
stereo-panned,vinyl decode -j4,4,0.014971666,317606,317564,2000000
stereo-panned,vinyl decode -j8,8,0.012408708,317606,317564,2000000
stereo-panned,flac decode -j1,1,0.013655375,317606,317564,2000000
stereo-panned,flac -0 -j1,1,0.01244325,380936,372614,2000000
stereo-panned,flac -5 -j1,1,0.019354917,292356,284034,2000000
stereo-panned,flac -8 -j1,1,0.034761208,292275,283953,2000000
stereo-panned,flac -8 -j2,2,0.020362375,292275,283953,2000000
stereo-panned,flac -8 -j4,4,0.012346833,292275,283953,2000000
stereo-panned,flac -8 -j8,8,0.010424459,292275,283953,2000000
stereo-wide,vinyl -j1,1,0.1231085,1371301,1371259,2000000
stereo-wide,vinyl -j2,2,0.065803125,1371301,1371259,2000000
stereo-wide,vinyl -j4,4,0.036564417,1371301,1371259,2000000
stereo-wide,vinyl -j8,8,0.02576625,1371301,1371259,2000000
stereo-wide,vinyl decode -j1,1,0.06005475,1371301,1371259,2000000
stereo-wide,vinyl decode -j2,2,0.033878334,1371301,1371259,2000000
stereo-wide,vinyl decode -j4,4,0.020873833,1371301,1371259,2000000
stereo-wide,vinyl decode -j8,8,0.018259416,1371301,1371259,2000000
stereo-wide,flac decode -j1,1,0.01421225,1371301,1371259,2000000
stereo-wide,flac -0 -j1,1,0.013536083,1437697,1429375,2000000
stereo-wide,flac -5 -j1,1,0.020250958,1354589,1346267,2000000
stereo-wide,flac -8 -j1,1,0.039176458,1346322,1338000,2000000
stereo-wide,flac -8 -j2,2,0.02259975,1346322,1338000,2000000
stereo-wide,flac -8 -j4,4,0.013716917,1346322,1338000,2000000
stereo-wide,flac -8 -j8,8,0.011380666,1346322,1338000,2000000
tonal-chord,vinyl -j1,1,0.060948708,168143,168101,1000000
tonal-chord,vinyl -j2,2,0.033865084,168143,168101,1000000
tonal-chord,vinyl -j4,4,0.019166916,168143,168101,1000000
tonal-chord,vinyl -j8,8,0.014235125,168143,168101,1000000
tonal-chord,vinyl decode -j1,1,0.025274375,168143,168101,1000000
tonal-chord,vinyl decode -j2,2,0.015355917,168143,168101,1000000
tonal-chord,vinyl decode -j4,4,0.01018,168143,168101,1000000
tonal-chord,vinyl decode -j8,8,0.008865833,168143,168101,1000000
tonal-chord,flac decode -j1,1,0.008566167,168143,168101,1000000
tonal-chord,flac -0 -j1,1,0.007965042,187853,179531,1000000
tonal-chord,flac -5 -j1,1,0.008970125,182687,174365,1000000
tonal-chord,flac -8 -j1,1,0.013214417,182687,174365,1000000
tonal-chord,flac -8 -j2,2,0.008740625,182687,174365,1000000
tonal-chord,flac -8 -j4,4,0.006246666,182687,174365,1000000
tonal-chord,flac -8 -j8,8,0.00578025,182687,174365,1000000
tonal-fullscale,vinyl -j1,1,0.049569167,162229,162187,1000000
tonal-fullscale,vinyl -j2,2,0.028121333,162229,162187,1000000
tonal-fullscale,vinyl -j4,4,0.016107916,162229,162187,1000000
tonal-fullscale,vinyl -j8,8,0.012196333,162229,162187,1000000
tonal-fullscale,vinyl decode -j1,1,0.018989917,162229,162187,1000000
tonal-fullscale,vinyl decode -j2,2,0.012174125,162229,162187,1000000
tonal-fullscale,vinyl decode -j4,4,0.008503292,162229,162187,1000000
tonal-fullscale,vinyl decode -j8,8,0.007591208,162229,162187,1000000
tonal-fullscale,flac decode -j1,1,0.007724959,162229,162187,1000000
tonal-fullscale,flac -0 -j1,1,0.007971625,169690,161368,1000000
tonal-fullscale,flac -5 -j1,1,0.00890075,164457,156135,1000000
tonal-fullscale,flac -8 -j1,1,0.012940208,164457,156135,1000000
tonal-fullscale,flac -8 -j2,2,0.008507625,164457,156135,1000000
tonal-fullscale,flac -8 -j4,4,0.006159833,164457,156135,1000000
tonal-fullscale,flac -8 -j8,8,0.005777917,164457,156135,1000000
tonal-harmonics,vinyl -j1,1,0.056693666,198539,198497,1000000
tonal-harmonics,vinyl -j2,2,0.031839458,198539,198497,1000000
tonal-harmonics,vinyl -j4,4,0.018056834,198539,198497,1000000
tonal-harmonics,vinyl -j8,8,0.013662958,198539,198497,1000000
tonal-harmonics,vinyl decode -j1,1,0.025780583,198539,198497,1000000
tonal-harmonics,vinyl decode -j2,2,0.015967917,198539,198497,1000000
tonal-harmonics,vinyl decode -j4,4,0.010711167,198539,198497,1000000
tonal-harmonics,vinyl decode -j8,8,0.009225,198539,198497,1000000
tonal-harmonics,flac decode -j1,1,0.008479084,198539,198497,1000000
tonal-harmonics,flac -0 -j1,1,0.00813475,246475,238153,1000000
tonal-harmonics,flac -5 -j1,1,0.009088375,202479,194157,1000000
tonal-harmonics,flac -8 -j1,1,0.013491333,198971,190649,1000000
tonal-harmonics,flac -8 -j2,2,0.008794958,198971,190649,1000000
tonal-harmonics,flac -8 -j4,4,0.006311125,198971,190649,1000000
tonal-harmonics,flac -8 -j8,8,0.006027875,198971,190649,1000000
tonal-quiet,vinyl -j1,1,0.0549585,152226,152184,1000000
tonal-quiet,vinyl -j2,2,0.030445583,152226,152184,1000000
tonal-quiet,vinyl -j4,4,0.017507625,152226,152184,1000000
tonal-quiet,vinyl -j8,8,0.013319584,152226,152184,1000000
tonal-quiet,vinyl decode -j1,1,0.024046292,152226,152184,1000000
tonal-quiet,vinyl decode -j2,2,0.014671625,152226,152184,1000000
tonal-quiet,vinyl decode -j4,4,0.009918708,152226,152184,1000000
tonal-quiet,vinyl decode -j8,8,0.0086835,152226,152184,1000000
tonal-quiet,flac decode -j1,1,0.008985625,152226,152184,1000000
tonal-quiet,flac -0 -j1,1,0.007948334,166116,157794,1000000
tonal-quiet,flac -5 -j1,1,0.008923833,156115,147793,1000000
tonal-quiet,flac -8 -j1,1,0.012883708,156115,147793,1000000
tonal-quiet,flac -8 -j2,2,0.008464042,156115,147793,1000000
tonal-quiet,flac -8 -j4,4,0.006105459,156115,147793,1000000
tonal-quiet,flac -8 -j8,8,0.005710208,156115,147793,1000000
tonal-sine-1000,vinyl -j1,1,0.057115666,224289,224247,1000000
tonal-sine-1000,vinyl -j2,2,0.031967458,224289,224247,1000000
tonal-sine-1000,vinyl -j4,4,0.018247209,224289,224247,1000000
tonal-sine-1000,vinyl -j8,8,0.013432875,224289,224247,1000000
tonal-sine-1000,vinyl decode -j1,1,0.020675833,224289,224247,1000000
tonal-sine-1000,vinyl decode -j2,2,0.01293425,224289,224247,1000000
tonal-sine-1000,vinyl decode -j4,4,0.008969834,224289,224247,1000000
tonal-sine-1000,vinyl decode -j8,8,0.007923584,224289,224247,1000000
tonal-sine-1000,flac decode -j1,1,0.008405834,224289,224247,1000000
tonal-sine-1000,flac -0 -j1,1,0.008128583,287638,279316,1000000
tonal-sine-1000,flac -5 -j1,1,0.009042417,256260,247938,1000000
tonal-sine-1000,flac -8 -j1,1,0.013189084,231024,222702,1000000
tonal-sine-1000,flac -8 -j2,2,0.008638375,231024,222702,1000000
tonal-sine-1000,flac -8 -j4,4,0.00636,231024,222702,1000000
tonal-sine-1000,flac -8 -j8,8,0.005882,231024,222702,1000000
tonal-sine-110,vinyl -j1,1,0.049883708,168112,168070,1000000
tonal-sine-110,vinyl -j2,2,0.028192416,168112,168070,1000000
tonal-sine-110,vinyl -j4,4,0.016194208,168112,168070,1000000
tonal-sine-110,vinyl -j8,8,0.012300791,168112,168070,1000000
tonal-sine-110,vinyl decode -j1,1,0.019716333,168112,168070,1000000
tonal-sine-110,vinyl decode -j2,2,0.012558917,168112,168070,1000000
tonal-sine-110,vinyl decode -j4,4,0.008779166,168112,168070,1000000
tonal-sine-110,vinyl decode -j8,8,0.007816917,168112,168070,1000000
tonal-sine-110,flac decode -j1,1,0.007744583,168112,168070,1000000
tonal-sine-110,flac -0 -j1,1,0.008028708,179952,171630,1000000
tonal-sine-110,flac -5 -j1,1,0.009185875,175060,166738,1000000
tonal-sine-110,flac -8 -j1,1,0.013168708,175060,166738,1000000
tonal-sine-110,flac -8 -j2,2,0.008677041,175060,166738,1000000
tonal-sine-110,flac -8 -j4,4,0.006245083,175060,166738,1000000
tonal-sine-110,flac -8 -j8,8,0.005821167,175060,166738,1000000
tonal-sine-3000,vinyl -j1,1,0.062739,215131,215089,1000000
tonal-sine-3000,vinyl -j2,2,0.034563,215131,215089,1000000
tonal-sine-3000,vinyl -j4,4,0.01964475,215131,215089,1000000
tonal-sine-3000,vinyl -j8,8,0.014519208,215131,215089,1000000
tonal-sine-3000,vinyl decode -j1,1,0.02169175,215131,215089,1000000
tonal-sine-3000,vinyl decode -j2,2,0.013546,215131,215089,1000000
tonal-sine-3000,vinyl decode -j4,4,0.009293541,215131,215089,1000000
tonal-sine-3000,vinyl decode -j8,8,0.008118625,215131,215089,1000000
tonal-sine-3000,flac decode -j1,1,0.008335958,215131,215089,1000000
tonal-sine-3000,flac -0 -j1,1,0.00849475,665355,657033,1000000
tonal-sine-3000,flac -5 -j1,1,0.0091095,229016,220694,1000000
tonal-sine-3000,flac -8 -j1,1,0.013184459,230689,222367,1000000
tonal-sine-3000,flac -8 -j2,2,0.00876925,230689,222367,1000000
tonal-sine-3000,flac -8 -j4,4,0.006341917,230689,222367,1000000
tonal-sine-3000,flac -8 -j8,8,0.005838792,230689,222367,1000000
tonal-sine-440,vinyl -j1,1,0.049831708,165367,165325,1000000
tonal-sine-440,vinyl -j2,2,0.028294916,165367,165325,1000000
tonal-sine-440,vinyl -j4,4,0.0162395,165367,165325,1000000
tonal-sine-440,vinyl -j8,8,0.012301375,165367,165325,1000000
tonal-sine-440,vinyl decode -j1,1,0.020477166,165367,165325,1000000
tonal-sine-440,vinyl decode -j2,2,0.012881583,165367,165325,1000000
tonal-sine-440,vinyl decode -j4,4,0.008964416,165367,165325,1000000
tonal-sine-440,vinyl decode -j8,8,0.007779875,165367,165325,1000000
tonal-sine-440,flac decode -j1,1,0.008270791,165367,165325,1000000
tonal-sine-440,flac -0 -j1,1,0.008175833,240687,232365,1000000
tonal-sine-440,flac -5 -j1,1,0.008958208,155410,147088,1000000
tonal-sine-440,flac -8 -j1,1,0.013072542,155423,147101,1000000
tonal-sine-440,flac -8 -j2,2,0.008650042,155423,147101,1000000
tonal-sine-440,flac -8 -j4,4,0.006218833,155423,147101,1000000
tonal-sine-440,flac -8 -j8,8,0.00578425,155423,147101,1000000
tonal-sine-8000,vinyl -j1,1,0.061584375,236913,236871,1000000
tonal-sine-8000,vinyl -j2,2,0.034162,236913,236871,1000000
tonal-sine-8000,vinyl -j4,4,0.019615208,236913,236871,1000000
tonal-sine-8000,vinyl -j8,8,0.014364125,236913,236871,1000000
tonal-sine-8000,vinyl decode -j1,1,0.02108725,236913,236871,1000000
tonal-sine-8000,vinyl decode -j2,2,0.013546542,236913,236871,1000000
tonal-sine-8000,vinyl decode -j4,4,0.009394625,236913,236871,1000000
tonal-sine-8000,vinyl decode -j8,8,0.008200042,236913,236871,1000000
tonal-sine-8000,flac decode -j1,1,0.008144458,236913,236871,1000000
tonal-sine-8000,flac -0 -j1,1,0.008665958,969578,961256,1000000
tonal-sine-8000,flac -5 -j1,1,0.008878625,355435,347113,1000000
tonal-sine-8000,flac -8 -j1,1,0.012955959,255773,247451,1000000
tonal-sine-8000,flac -8 -j2,2,0.0085465,255773,247451,1000000
tonal-sine-8000,flac -8 -j4,4,0.006276709,255773,247451,1000000
tonal-sine-8000,flac -8 -j8,8,0.005792333,255773,247451,1000000
tonal-sweep-fast,vinyl -j1,1,0.062939458,269337,269295,1000000
tonal-sweep-fast,vinyl -j2,2,0.035010875,269337,269295,1000000
tonal-sweep-fast,vinyl -j4,4,0.019916042,269337,269295,1000000
tonal-sweep-fast,vinyl -j8,8,0.014656083,269337,269295,1000000
tonal-sweep-fast,vinyl decode -j1,1,0.024008,269337,269295,1000000
tonal-sweep-fast,vinyl decode -j2,2,0.01493775,269337,269295,1000000
tonal-sweep-fast,vinyl decode -j4,4,0.009887708,269337,269295,1000000
tonal-sweep-fast,vinyl decode -j8,8,0.00861475,269337,269295,1000000
tonal-sweep-fast,flac decode -j1,1,0.008440667,269337,269295,1000000
tonal-sweep-fast,flac -0 -j1,1,0.008552791,822834,814512,1000000
tonal-sweep-fast,flac -5 -j1,1,0.009006,304845,296523,1000000
tonal-sweep-fast,flac -8 -j1,1,0.013214583,238138,229816,1000000
tonal-sweep-fast,flac -8 -j2,2,0.008722375,238138,229816,1000000
tonal-sweep-fast,flac -8 -j4,4,0.006487458,238138,229816,1000000
tonal-sweep-fast,flac -8 -j8,8,0.00593,238138,229816,1000000
tonal-sweep-slow,vinyl -j1,1,0.062163459,223455,223413,1000000
tonal-sweep-slow,vinyl -j2,2,0.034762167,223455,223413,1000000
tonal-sweep-slow,vinyl -j4,4,0.019681959,223455,223413,1000000
tonal-sweep-slow,vinyl -j8,8,0.014543375,223455,223413,1000000
tonal-sweep-slow,vinyl decode -j1,1,0.024496292,223455,223413,1000000
tonal-sweep-slow,vinyl decode -j2,2,0.015134666,223455,223413,1000000
tonal-sweep-slow,vinyl decode -j4,4,0.010033167,223455,223413,1000000
tonal-sweep-slow,vinyl decode -j8,8,0.008816292,223455,223413,1000000
tonal-sweep-slow,flac decode -j1,1,0.008397834,223455,223413,1000000
tonal-sweep-slow,flac -0 -j1,1,0.008404667,489880,481558,1000000
tonal-sweep-slow,flac -5 -j1,1,0.009232292,270357,262035,1000000
tonal-sweep-slow,flac -8 -j1,1,0.01345,222829,214507,1000000
tonal-sweep-slow,flac -8 -j2,2,0.008811208,222829,214507,1000000
tonal-sweep-slow,flac -8 -j4,4,0.006301,222829,214507,1000000
tonal-sweep-slow,flac -8 -j8,8,0.006034917,222829,214507,1000000
wave-saw-1000,vinyl -j1,1,0.061694584,715865,715823,1000000
wave-saw-1000,vinyl -j2,2,0.034433625,715865,715823,1000000
wave-saw-1000,vinyl -j4,4,0.019654667,715865,715823,1000000
wave-saw-1000,vinyl -j8,8,0.014432083,715865,715823,1000000
wave-saw-1000,vinyl decode -j1,1,0.018346125,715865,715823,1000000
wave-saw-1000,vinyl decode -j2,2,0.012306417,715865,715823,1000000
wave-saw-1000,vinyl decode -j4,4,0.009052375,715865,715823,1000000
wave-saw-1000,vinyl decode -j8,8,0.008153208,715865,715823,1000000
wave-saw-1000,flac decode -j1,1,0.007652917,715865,715823,1000000
wave-saw-1000,flac -0 -j1,1,0.00883975,692431,684109,1000000
wave-saw-1000,flac -5 -j1,1,0.009824167,688395,680073,1000000
wave-saw-1000,flac -8 -j1,1,0.01408825,688395,680073,1000000
wave-saw-1000,flac -8 -j2,2,0.009189166,688395,680073,1000000
wave-saw-1000,flac -8 -j4,4,0.006570917,688395,680073,1000000
wave-saw-1000,flac -8 -j8,8,0.006075333,688395,680073,1000000
wave-saw-200,vinyl -j1,1,0.059942334,260634,260592,1000000
wave-saw-200,vinyl -j2,2,0.033350083,260634,260592,1000000
wave-saw-200,vinyl -j4,4,0.01914675,260634,260592,1000000
wave-saw-200,vinyl -j8,8,0.014287917,260634,260592,1000000
wave-saw-200,vinyl decode -j1,1,0.017289334,260634,260592,1000000
wave-saw-200,vinyl decode -j2,2,0.011524,260634,260592,1000000
wave-saw-200,vinyl decode -j4,4,0.008386375,260634,260592,1000000
wave-saw-200,vinyl decode -j8,8,0.008203958,260634,260592,1000000
wave-saw-200,flac decode -j1,1,0.008646,260634,260592,1000000
wave-saw-200,flac -0 -j1,1,0.008602166,461618,453296,1000000
wave-saw-200,flac -5 -j1,1,0.009680833,492363,484041,1000000
wave-saw-200,flac -8 -j1,1,0.013569375,434085,425763,1000000
wave-saw-200,flac -8 -j2,2,0.009016208,434085,425763,1000000
wave-saw-200,flac -8 -j4,4,0.00632375,434085,425763,1000000
wave-saw-200,flac -8 -j8,8,0.005983666,434085,425763,1000000
wave-square-1000,vinyl -j1,1,0.060179958,551169,551127,1000000
wave-square-1000,vinyl -j2,2,0.033729209,551169,551127,1000000
wave-square-1000,vinyl -j4,4,0.019166209,551169,551127,1000000
wave-square-1000,vinyl -j8,8,0.014402834,551169,551127,1000000
wave-square-1000,vinyl decode -j1,1,0.018229959,551169,551127,1000000
wave-square-1000,vinyl decode -j2,2,0.012052583,551169,551127,1000000
wave-square-1000,vinyl decode -j4,4,0.008892292,551169,551127,1000000
wave-square-1000,vinyl decode -j8,8,0.008058125,551169,551127,1000000
wave-square-1000,flac decode -j1,1,0.007451834,551169,551127,1000000
wave-square-1000,flac -0 -j1,1,0.008670042,550163,541841,1000000
wave-square-1000,flac -5 -j1,1,0.009776208,546331,538009,1000000
wave-square-1000,flac -8 -j1,1,0.013614208,546331,538009,1000000
wave-square-1000,flac -8 -j2,2,0.008979625,546331,538009,1000000
wave-square-1000,flac -8 -j4,4,0.006480875,546331,538009,1000000
wave-square-1000,flac -8 -j8,8,0.006035,546331,538009,1000000
wave-square-200,vinyl -j1,1,0.057565,204975,204933,1000000
wave-square-200,vinyl -j2,2,0.032327542,204975,204933,1000000
wave-square-200,vinyl -j4,4,0.018468083,204975,204933,1000000
wave-square-200,vinyl -j8,8,0.013656709,204975,204933,1000000
wave-square-200,vinyl decode -j1,1,0.015084333,204975,204933,1000000
wave-square-200,vinyl decode -j2,2,0.009957417,204975,204933,1000000
wave-square-200,vinyl decode -j4,4,0.007780875,204975,204933,1000000
wave-square-200,vinyl decode -j8,8,0.007613583,204975,204933,1000000
wave-square-200,flac decode -j1,1,0.008050167,204975,204933,1000000
wave-square-200,flac -0 -j1,1,0.008278458,319954,311632,1000000
wave-square-200,flac -5 -j1,1,0.009264458,295180,286858,1000000
wave-square-200,flac -8 -j1,1,0.013255792,204836,196514,1000000
wave-square-200,flac -8 -j2,2,0.008707125,204836,196514,1000000
wave-square-200,flac -8 -j4,4,0.006292417,204836,196514,1000000
wave-square-200,flac -8 -j8,8,0.005930459,204836,196514,1000000
wave-tremolo,vinyl -j1,1,0.050279292,169103,169061,1000000
wave-tremolo,vinyl -j2,2,0.028511709,169103,169061,1000000
wave-tremolo,vinyl -j4,4,0.016493041,169103,169061,1000000
wave-tremolo,vinyl -j8,8,0.012686,169103,169061,1000000
wave-tremolo,vinyl decode -j1,1,0.020854708,169103,169061,1000000
wave-tremolo,vinyl decode -j2,2,0.013067791,169103,169061,1000000
wave-tremolo,vinyl decode -j4,4,0.009017042,169103,169061,1000000
wave-tremolo,vinyl decode -j8,8,0.007843708,169103,169061,1000000
wave-tremolo,flac decode -j1,1,0.008332584,169103,169061,1000000
wave-tremolo,flac -0 -j1,1,0.008106,195943,187621,1000000
wave-tremolo,flac -5 -j1,1,0.009123208,165050,156728,1000000
wave-tremolo,flac -8 -j1,1,0.013169292,165045,156723,1000000
wave-tremolo,flac -8 -j2,2,0.008741125,165045,156723,1000000
wave-tremolo,flac -8 -j4,4,0.00628075,165045,156723,1000000
wave-tremolo,flac -8 -j8,8,0.00587925,165045,156723,1000000
wave-triangle-1000,vinyl -j1,1,0.052396333,604283,604241,1000000
wave-triangle-1000,vinyl -j2,2,0.02975825,604283,604241,1000000
wave-triangle-1000,vinyl -j4,4,0.017057416,604283,604241,1000000
wave-triangle-1000,vinyl -j8,8,0.012839292,604283,604241,1000000
wave-triangle-1000,vinyl decode -j1,1,0.018763958,604283,604241,1000000
wave-triangle-1000,vinyl decode -j2,2,0.012427,604283,604241,1000000
wave-triangle-1000,vinyl decode -j4,4,0.00923175,604283,604241,1000000
wave-triangle-1000,vinyl decode -j8,8,0.008236125,604283,604241,1000000
wave-triangle-1000,flac decode -j1,1,0.007914,604283,604241,1000000
wave-triangle-1000,flac -0 -j1,1,0.008379916,593615,585293,1000000
wave-triangle-1000,flac -5 -j1,1,0.009454834,589283,580961,1000000
wave-triangle-1000,flac -8 -j1,1,0.014239041,589283,580961,1000000
wave-triangle-1000,flac -8 -j2,2,0.009506459,589283,580961,1000000
wave-triangle-1000,flac -8 -j4,4,0.00680275,589283,580961,1000000
wave-triangle-1000,flac -8 -j8,8,0.006197042,589283,580961,1000000
wave-triangle-200,vinyl -j1,1,0.048375375,239199,239157,1000000
wave-triangle-200,vinyl -j2,2,0.027345,239199,239157,1000000
wave-triangle-200,vinyl -j4,4,0.015945875,239199,239157,1000000
wave-triangle-200,vinyl -j8,8,0.012205667,239199,239157,1000000
wave-triangle-200,vinyl decode -j1,1,0.016143125,239199,239157,1000000
wave-triangle-200,vinyl decode -j2,2,0.010727958,239199,239157,1000000
wave-triangle-200,vinyl decode -j4,4,0.008070208,239199,239157,1000000
wave-triangle-200,vinyl decode -j8,8,0.0076835,239199,239157,1000000
wave-triangle-200,flac decode -j1,1,0.008257833,239199,239157,1000000
wave-triangle-200,flac -0 -j1,1,0.007940833,301192,292870,1000000
wave-triangle-200,flac -5 -j1,1,0.009047333,297604,289282,1000000
wave-triangle-200,flac -8 -j1,1,0.013121541,236446,228124,1000000
wave-triangle-200,flac -8 -j2,2,0.0087365,236446,228124,1000000
wave-triangle-200,flac -8 -j4,4,0.006235125,236446,228124,1000000
wave-triangle-200,flac -8 -j8,8,0.00595075,236446,228124,1000000
